<application>
  <component name="ProjectJdkTable">
    <jdk version="2">
      <name value="Python 3.7 (smart_visual_sensor_testing)" />
      <type value="Python SDK" />
      <version value="Python 3.7.0" />
      <homePath value="$USER_HOME$/anaconda3/bin/python" />
      <roots>
        <classPath>
          <root type="composite">
            <root url="file://$USER_HOME$/anaconda3/lib/python3.7" type="simple" />
            <root url="file://$USER_HOME$/anaconda3/lib/python3.7/lib-dynload" type="simple" />
            <root url="file://$USER_HOME$/anaconda3/lib/python3.7/site-packages" type="simple" />
            <root url="file://$USER_HOME$/anaconda3/lib/python3.7/site-packages/Mako-1.0.7-py3.7.egg" type="simple" />
            <root url="file://$USER_HOME$/.PyCharm2018.3/system/python_stubs/371651742" type="simple" />
            <root url="file://$APPLICATION_HOME_DIR$/helpers/python-skeletons" type="simple" />
            <root url="file://$APPLICATION_HOME_DIR$/helpers/typeshed/stdlib/3" type="simple" />
            <root url="file://$APPLICATION_HOME_DIR$/helpers/typeshed/stdlib/2and3" type="simple" />
            <root url="file://$APPLICATION_HOME_DIR$/helpers/typeshed/third_party/3" type="simple" />
            <root url="file://$APPLICATION_HOME_DIR$/helpers/typeshed/third_party/2and3" type="simple" />
          </root>
        </classPath>
        <sourcePath>
          <root type="composite" />
        </sourcePath>
      </roots>
      <additional />
    </jdk>
    <jdk version="2">
      <name value="Remote Python 3.6.5 (sftp://guest@10.26.43.2:22/usr/bin/python3)" />
      <type value="Python SDK" />
      <version value="Python 3.6.5" />
      <homePath value="sftp://guest@10.26.43.2:22/usr/bin/python3" />
      <roots>
        <classPath>
          <root type="composite">
            <root url="file://$USER_HOME$/.PyCharm2018.3/system/remote_sources/326586990/1646052553" type="simple" />
            <root url="file://$USER_HOME$/.PyCharm2018.3/system/remote_sources/326586990/-443519507" type="simple" />
            <root url="file://$USER_HOME$/.PyCharm2018.3/system/remote_sources/326586990/764490735" type="simple" />
            <root url="file://$USER_HOME$/.PyCharm2018.3/system/python_stubs/326586990" type="simple" />
            <root url="file://$APPLICATION_HOME_DIR$/helpers/python-skeletons" type="simple" />
            <root url="file://$APPLICATION_HOME_DIR$/helpers/typeshed/stdlib/3" type="simple" />
            <root url="file://$APPLICATION_HOME_DIR$/helpers/typeshed/stdlib/2and3" type="simple" />
            <root url="file://$APPLICATION_HOME_DIR$/helpers/typeshed/third_party/3" type="simple" />
            <root url="file://$APPLICATION_HOME_DIR$/helpers/typeshed/third_party/2and3" type="simple" />
          </root>
        </classPath>
        <sourcePath>
          <root type="composite" />
        </sourcePath>
      </roots>
      <additional WEB_SERVER_CONFIG_ID="9f3b951c-31c0-4079-999b-463b03e4828d" WEB_SERVER_CONFIG_NAME="guest@10.26.43.2:22" WEB_SERVER_CREDENTIALS_ID="sftp://guest@10.26.43.2:22" INTERPRETER_PATH="/usr/bin/python3" HELPERS_PATH="/home/guest/.pycharm_helpers" INITIALIZED="false" VALID="true" SKELETONS_PATH="" VERSION="">
        <PathMappingSettings>
          <option name="pathMappings">
            <list>
              <mapping local-root="$USER_HOME$/.PyCharm2018.3/system/remote_sources/326586990/1646052553" remote-root="/usr/lib64/python3.6" />
              <mapping local-root="$USER_HOME$/.PyCharm2018.3/system/remote_sources/326586990/-443519507" remote-root="/usr/lib64/python3.6/site-packages" />
              <mapping local-root="$USER_HOME$/.PyCharm2018.3/system/remote_sources/326586990/764490735" remote-root="/usr/lib/python3.6/site-packages" />
            </list>
          </option>
        </PathMappingSettings>
      </additional>
    </jdk>
    <jdk version="2">
      <name value="Python 3.6 (jupyter)" />
      <type value="Python SDK" />
      <version value="Python 3.7.0" />
      <homePath value="$USER_HOME$/.conda/envs/jupyter/bin/python" />
      <roots>
        <classPath>
          <root type="composite">
            <root url="file://$USER_HOME$/.conda/envs/jupyter/lib/python3.7" type="simple" />
            <root url="file://$USER_HOME$/.conda/envs/jupyter/lib/python3.7/lib-dynload" type="simple" />
            <root url="file://$USER_HOME$/.conda/envs/jupyter/lib/python3.7/site-packages" type="simple" />
            <root url="file://$USER_HOME$/.conda/envs/jupyter/lib/python3.7/site-packages/Mako-1.0.7-py3.7.egg" type="simple" />
            <root url="file://$USER_HOME$/.PyCharm2018.3/system/python_stubs/1206920100" type="simple" />
            <root url="file://$APPLICATION_HOME_DIR$/helpers/python-skeletons" type="simple" />
            <root url="file://$APPLICATION_HOME_DIR$/helpers/typeshed/stdlib/3" type="simple" />
            <root url="file://$APPLICATION_HOME_DIR$/helpers/typeshed/stdlib/2and3" type="simple" />
            <root url="file://$APPLICATION_HOME_DIR$/helpers/typeshed/third_party/3" type="simple" />
            <root url="file://$APPLICATION_HOME_DIR$/helpers/typeshed/third_party/2and3" type="simple" />
          </root>
        </classPath>
        <sourcePath>
          <root type="composite" />
        </sourcePath>
      </roots>
      <additional />
    </jdk>
    <jdk version="2">
      <name value="Python 3.6 (dl4cv)" />
      <type value="Python SDK" />
      <version value="Python 3.6.6" />
      <homePath value="$USER_HOME$/anaconda3/envs/dl4cv/bin/python3" />
      <roots>
        <classPath>
          <root type="composite">
            <root url="file://$USER_HOME$/anaconda3/envs/dl4cv/lib/python3.6" type="simple" />
            <root url="file://$USER_HOME$/anaconda3/envs/dl4cv/lib/python3.6/lib-dynload" type="simple" />
            <root url="file://$USER_HOME$/anaconda3/envs/dl4cv/lib/python3.6/site-packages" type="simple" />
            <root url="file://$USER_HOME$/anaconda3/envs/dl4cv/lib/python3.6/site-packages/Mako-1.0.7-py3.6.egg" type="simple" />
            <root url="file://$USER_HOME$/.PyCharm2018.3/system/python_stubs/998130672" type="simple" />
            <root url="file://$APPLICATION_HOME_DIR$/helpers/python-skeletons" type="simple" />
            <root url="file://$APPLICATION_HOME_DIR$/helpers/typeshed/stdlib/3" type="simple" />
            <root url="file://$APPLICATION_HOME_DIR$/helpers/typeshed/stdlib/2and3" type="simple" />
            <root url="file://$APPLICATION_HOME_DIR$/helpers/typeshed/third_party/3" type="simple" />
            <root url="file://$APPLICATION_HOME_DIR$/helpers/typeshed/third_party/2and3" type="simple" />
          </root>
        </classPath>
        <sourcePath>
          <root type="composite" />
        </sourcePath>
      </roots>
      <additional />
    </jdk>
  </component>
</application>