<application>
  <component name="PyTestFrameworkService">
    <option name="SDK_TO_PYTEST">
      <map>
        <entry key="$USER_HOME$/.conda/envs/jupyter/bin/python" value="false" />
        <entry key="$USER_HOME$/anaconda3/envs/dl4cv/bin/python3" value="true" />
        <entry key="sftp://guest@10.26.43.2:22/usr/bin/python3" value="false" />
      </map>
    </option>
    <option name="SDK_TO_NOSETEST">
      <map>
        <entry key="$USER_HOME$/.conda/envs/jupyter/bin/python" value="false" />
        <entry key="sftp://guest@10.26.43.2:22/usr/bin/python3" value="false" />
      </map>
    </option>
    <option name="SDK_TO_TRIALTEST">
      <map>
        <entry key="$USER_HOME$/.conda/envs/jupyter/bin/python" value="false" />
        <entry key="sftp://guest@10.26.43.2:22/usr/bin/python3" value="false" />
      </map>
    </option>
  </component>
</application>