<application>
  <component name="MaterialThemeConfig">
    <option name="compactDropdowns" value="true" />
    <option name="darkTitleBar" value="true" />
    <option name="isCompactMenus" value="true" />
    <option name="isCompactStatusBar" value="true" />
    <option name="isCompactTables" value="true" />
    <option name="isWizardShown" value="true" />
    <option name="useMaterialFont2" value="true" />
    <option name="highlightThickness" value="4" />
    <option name="settingsSelectedTab" value="6" />
    <option name="tabsHeight" value="36" />
    <option name="accentColor" value="f44336" />
    <option name="selectedTheme" value="DARKER" />
    <option name="userId" value="-59e881f0:1675f4280f0:-8000" />
    <option name="version" value="3.2.0" />
  </component>
</application>