<application>
  <component name="ProjectManager">
    <defaultProject>
      <component name="Encoding" addBOMForNewFiles="with NO BOM" />
      <component name="PropertiesComponent">
        <property name="last_opened_file_path" value="$USER_HOME$/Github" />
        <property name="nodejs_interpreter_path.stuck_in_default_project" value="undefined stuck path" />
        <property name="nodejs_npm_path_reset_for_default_project" value="true" />
        <property name="settings.editor.selected.configurable" value="preferences.pluginManager" />
      </component>
      <component name="SbtLocalSettings">
        <option name="projectSyncType">
          <map>
            <entry key="$USER_HOME$/Dropbox/uow_smart/smart_student_digital_analysis" value="PREVIEW" />
            <entry key="$USER_HOME$/Github/smart_student_digital_analysis" value="PREVIEW" />
          </map>
        </option>
      </component>
      <component name="ScalaSbtSettings">
        <option name="customVMEnabled" value="true" />
        <option name="customVMPath" value="/usr/lib/jvm/java-8-oracle" />
      </component>
      <component name="masterDetails">
        <states>
          <state key="ProjectJDKs.UI">
            <settings>
              <last-edited>1.8</last-edited>
              <splitter-proportions>
                <option name="proportions">
                  <list>
                    <option value="0.2" />
                  </list>
                </option>
              </splitter-proportions>
            </settings>
          </state>
        </states>
      </component>
    </defaultProject>
  </component>
</application>