<keymap version="1" name="Default for GNOME copy" parent="Default for GNOME">
  <action id="MoveTabRight">
    <keyboard-shortcut first-keystroke="alt period" />
  </action>
  <action id="ToggleDistractionFreeMode">
    <keyboard-shortcut first-keystroke="shift ctrl alt f10" />
  </action>
  <action id="ToggleFullScreen">
    <keyboard-shortcut first-keystroke="shift ctrl alt f11" />
  </action>
  <action id="TogglePresentationMode">
    <keyboard-shortcut first-keystroke="shift ctrl alt f9" />
  </action>
  <action id="WebDeployment.BrowseServers">
    <keyboard-shortcut first-keystroke="alt r" />
  </action>
</keymap>